{"mean":{"confidence_interval":{"confidence_level":0.95,"lower_bound":11607765.4174375,"upper_bound":11685165.9610625},"point_estimate":11645048.7625,"standard_error":19785.912864276375},"median":{"confidence_interval":{"confidence_level":0.95,"lower_bound":11604947.943750001,"upper_bound":11646094.75},"point_estimate":11625672.625,"standard_error":10379.160884798892},"median_abs_dev":{"confidence_interval":{"confidence_level":0.95,"lower_bound":78454.55748215318,"upper_bound":151154.95914146304},"point_estimate":127051.21941938996,"standard_error":20108.69001334371},"slope":null,"std_dev":{"confidence_interval":{"confidence_level":0.95,"lower_bound":148081.55029395057,"upper_bound":241709.82513493826},"point_estimate":198174.83810608808,"standard_error":23901.613203540284}}