{"mean":{"confidence_interval":{"confidence_level":0.95,"lower_bound":4730432.599425003,"upper_bound":4827879.63295},"point_estimate":4780139.305000002,"standard_error":24847.320957071686},"median":{"confidence_interval":{"confidence_level":0.95,"lower_bound":4773188.35,"upper_bound":4853856.4},"point_estimate":4812634.9,"standard_error":22311.947559695367},"median_abs_dev":{"confidence_interval":{"confidence_level":0.95,"lower_bound":163400.81423630513,"upper_bound":255349.06634739717},"point_estimate":208391.73188030694,"standard_error":23975.692902982883},"slope":null,"std_dev":{"confidence_interval":{"confidence_level":0.95,"lower_bound":206258.57836809076,"upper_bound":287434.7476889454},"point_estimate":249504.740185342,"standard_error":20748.644130693574}}