{"mean":{"confidence_interval":{"confidence_level":0.95,"lower_bound":1791052.7865312498,"upper_bound":1899895.8831562493},"point_estimate":1844795.3500000003,"standard_error":27843.829265714256},"median":{"confidence_interval":{"confidence_level":0.95,"lower_bound":1770501.9583333333,"upper_bound":1875003.5625},"point_estimate":1807618.75,"standard_error":27196.666628521536},"median_abs_dev":{"confidence_interval":{"confidence_level":0.95,"lower_bound":187814.8998156191,"upper_bound":310859.39280614234},"point_estimate":246948.1526657939,"standard_error":32494.148037113035},"slope":null,"std_dev":{"confidence_interval":{"confidence_level":0.95,"lower_bound":237356.84361770068,"upper_bound":316605.1563571794},"point_estimate":279672.762318657,"standard_error":20264.607675483512}}