{"mean":{"confidence_interval":{"confidence_level":0.95,"lower_bound":5280469.662666668,"upper_bound":5422419.658250001},"point_estimate":5351297.701111112,"standard_error":36208.00823897327},"median":{"confidence_interval":{"confidence_level":0.95,"lower_bound":5241637.888888889,"upper_bound":5456636.888888889},"point_estimate":5341544.388888888,"standard_error":60451.44741485181},"median_abs_dev":{"confidence_interval":{"confidence_level":0.95,"lower_bound":304854.67758774804,"upper_bound":448481.1382045343},"point_estimate":389407.60118663404,"standard_error":36269.06017308618},"slope":null,"std_dev":{"confidence_interval":{"confidence_level":0.95,"lower_bound":312895.9739023525,"upper_bound":409823.23330745584},"point_estimate":363936.7891905466,"standard_error":24751.37215667499}}