{"mean":{"confidence_interval":{"confidence_level":0.95,"lower_bound":14063697.144062499,"upper_bound":14603286.270499999},"point_estimate":14335558.765,"standard_error":138018.47541278822},"median":{"confidence_interval":{"confidence_level":0.95,"lower_bound":14171276.5,"upper_bound":14651867.75},"point_estimate":14411724.875,"standard_error":130452.97887663248},"median_abs_dev":{"confidence_interval":{"confidence_level":0.95,"lower_bound":893325.0468403101,"upper_bound":1640108.6150072515},"point_estimate":1331236.3385908306,"standard_error":194139.6342771052},"slope":null,"std_dev":{"confidence_interval":{"confidence_level":0.95,"lower_bound":1187964.5101232121,"upper_bound":1576580.3575669713},"point_estimate":1392374.146022128,"standard_error":99532.9054815374}}