{"mean":{"confidence_interval":{"confidence_level":0.95,"lower_bound":1787.0944081562857,"upper_bound":1872.77111196269},"point_estimate":1829.95361489496,"standard_error":21.735988134150375},"median":{"confidence_interval":{"confidence_level":0.95,"lower_bound":1770.4646125116712,"upper_bound":1892.7867688251772},"point_estimate":1836.1955401802834,"standard_error":34.36821138207128},"median_abs_dev":{"confidence_interval":{"confidence_level":0.95,"lower_bound":195.35162151957616,"upper_bound":296.64015122199373},"point_estimate":256.77220782274264,"standard_error":25.38087535375231},"slope":{"confidence_interval":{"confidence_level":0.95,"lower_bound":1790.3527349622343,"upper_bound":1912.3216247604278},"point_estimate":1852.341595723852,"standard_error":31.144598861678165},"std_dev":{"confidence_interval":{"confidence_level":0.95,"lower_bound":190.34140491287005,"upper_bound":243.92536422417447},"point_estimate":218.20595044086747,"standard_error":13.698292885371417}}