{"mean":{"confidence_interval":{"confidence_level":0.95,"lower_bound":1891305.426784091,"upper_bound":2008487.9687954558},"point_estimate":1949256.0800000003,"standard_error":30049.642692255875},"median":{"confidence_interval":{"confidence_level":0.95,"lower_bound":1842323.6363636365,"upper_bound":1979820.0},"point_estimate":1910132.5227272727,"standard_error":29990.75481221645},"median_abs_dev":{"confidence_interval":{"confidence_level":0.95,"lower_bound":229027.15809304614,"upper_bound":390623.50445027323},"point_estimate":291464.834257283,"standard_error":42443.41853343703},"slope":null,"std_dev":{"confidence_interval":{"confidence_level":0.95,"lower_bound":262848.53132649424,"upper_bound":335829.0609530847},"point_estimate":301859.4052340188,"standard_error":18604.860812538467}}